"key","Russian","English","French","Japanese","Italian","Spanish","Arab","Vietnamese","Danish","Chinese_trad","Korean","Norwegian","Portuguese","Turkish","Finnish","Swedish","German","Bulgarian","Hungarian","Greek","Chinese_simpl","Dutch","Polish","Romanian","Thai","Ukrainian","Czech",
"options","Настройки","Settings","Réglages","設定","Impostazioni","Ajustes","إعدادات","ThiếT LậP","Indstillinger","设置","설정","Innstillinger","Definições","Ayarlar","Asetukset","Inställningar","Die Einstellungen","Настройки","Beállítások","Ρυθμίσεις","设置","Instellingen","Ustawienia","Setări","การตั้งค่า","Налаштування","Nastavení",
"save_game","Сохранить","Save","Conserver","保ちます","Conservare","Conservar","احتفظ","Giữ LạI","Beholde","保留","유지","Beholde","Reter","Tutmak","Säilyttää","Behålla","Behalten","Запази","Megtartása","Διατηρώ","保留","Behouden","Zachować","Reține","รักษา","Зберегти","Udržet",
"play","Играть","Play","Jouer","演奏する","Giocare","Tocar","لعب","Chơi","Spil","玩","플레이","Spille","Jogar","Oyna","Pelata","Spela","Abspielen","Играй","Játék","Παίζω","玩","Speel","Grać","Joaca","เล่น","Грати","Hrát Si",
"developer","Разработчик","Developer","Développeur","デベロッパー","Sviluppatore","Desarrollador","مطور","Nhà Phát TriểN","Udvikler","开发人员","개발자","Utvikleren","Desenvolvedor","Geliştirici","Kehittäjä","Utvecklare","Entwickler","Разработчик","Fejlesztő","Προγραμματιστή","开发人员","Ontwikkelaar","Deweloper","Dezvoltator","ผู้พัฒนา","Розробник","Vývojář",
"achivments","Достижения","Achievements","Réalisations","実績","Realizzazioni","Logros","الإنجازات","Thành TựU","Resultater","成就","업적","Prestasjoner","Conquistas","Başarılar","Saavutukset","Prestationer","Erfolge","Постижения","Kitüntetések","Επιτεύγματα","成就","Prestaties","Osiągnięcia","Realizări","ผู้ชนะ","Досягнення","Úspěchy",
"exit","Выход","Exit","Sortie","出口","Uscita","Salida","خروج","LốI Ra","Afslut","出口","출구","Exit","Saída","Çıkış","Poistuminen","Utgång","Ausgang","Изход","Kijárat","Εξοδος","出口","Uitgang","Wyjście","Ieșire","ทางออก","Вихід","Výstup",
"back","Назад","Back","Depuis","前","Fa","Hace","منذ","Cách Đây","Siden","前","...전에","Siden","Atrás","Önce","Sitten","Sedan","Zurück","Преди","Ezelőtt","Πριν","前","Geleden","Temu","În Urmă","มาแล้ว","Назад","Před",
"fullscreen","Полноэкранный","Full-screen","Plein Écran","全画面表示","A Schermo Intero","Pantalla Completa","تكبير الشاشة","Toàn Màn Hình","Fuld Skærm","全屏","전체 화면","Full Skjerm","Tela Cheia","Tam Ekran","Koko Näyttö","Fullskärm","Vollbild","Цял Екран","Teljes Képernyő","Πληρης Οθονη","全屏","Volledig Scherm","Pełny Ekran","Ecran Complet","เต็มจอ","Редакція","Celá Obrazovka",
"volume_music","Громкость музыки","Music volume","Volume De La Musique","音楽の音量","Volume Della Musica","Volumen De La Música","طبقة صوت الموسيقا","Âm LượNg NhạC","Musik Volumen","音乐音量","음악 볼륨","Musikkvolumet","Volume Da Música","Müzik Sesi","Musiikin Äänenvoimakkuutta","Musikvolym","Musiklautstärke","Обем Музика","Zene Hangerejét","Ένταση Της Μουσικής","音乐音量","Muziekvolume","Głośność Muzyki","Volumul De Muzică","ปริมาณเพลง","Гучність Музики","Hlasitost Hudby",
"volume_effects","Громкость эффектов","Effects volume","Effets De Volume","ボリューム効果","Effetti Di Volume","Los Efectos De Volumen","آثار حجم","HiệU ỨNg Âm LượNg","Volumen Effekter","体积效应","볼륨 효과","Volumeffekter","Efeitos De Volume","Hacim Etkileri","Volyymien","Volymeffekter","Volumeneffekte","Обемни Ефекти","Térfogat Hatások","Εφέ Όγκου","体积效应","Volume-Effecten","Efekty Głośności","Efecte De Volum","ผลกระทบปริมาณ","Гучність Ефектів","Objemové Efekty",
"volume_voice","Громкость голоса","Voice volume","Volume De Voix","音声の音量","Volume Della Voce","Volumen De Voz","حجم الصوت","KhốI LượNg GiọNg Nói","Stemmelydstyrken","语音音量","음성 볼륨","Stemmevolum","Volume De Voz","Ses Seviyesi","Ääni Volyymi","Röstvolymen","Stimmen Lautstärke","Силата На Звука","Hangerő","Η Φωνή Του Όγκου","语音音量","Stemvolume","Objętość Głos","Volumul Vocii","ปริมาณเสียง","Гучність Голосу","Hlasitost",
"graphic_quality","Качество графики","Graphics quality","Graphiques De Qualité","品質のグラフィックス","Grafica Di Qualità","Gráficos De Calidad","جودة الرسومات","Đồ HọA ChấT LượNg","Kvalitet Grafik","高质量的图形","품질의 그래픽","Kvalitet Grafikk","Qualidade Gráfica","Kaliteli Grafikleri","Grafiikka","Kvalitet Grafik","Qualität Grafiken","Качество На Графиката","Minőségű Grafika","Ποιότητα Γραφικών","高质量的图形","Kwaliteit Graphics","Jakość Grafiki","Grafică De Calitate","กราฟิกที่มีคุณภาพ","Якість Графіки","Kvalitní Grafika",
"screen_resolution","Разрешение экрана","Screen resolution","Résolution D'Écran","画面の解像度","Risoluzione Dello Schermo","Resolución De La Pantalla","دقة الشاشة","Độ Phân GiảI Màn Hình","Skærmopløsning","屏幕分辨率","화면 해상도","Skjermoppløsning","Resolução Da Tela","Ekran Çözünürlüğü","Näytön Resoluutio","Skärmupplösning","Bildschirmauflösung","Резолюция На Екрана","Képernyőfelbontás","Ανάλυση Της Οθόνης","屏幕分辨率","Schermresolutie","Rozdzielczość Ekranu","Rezolutia Ecranului","ความละเอียดหน้าจอ","Розширення Екрану","Rozlišení Obrazovky",
"language","Язык","Language","Langue","言語","Linguaggio","Idioma","لغة","Ngôn Ngữ","Sprog","语言","언어","Språk","Língua","Dil","Kieli","Språk","Sprache","Език","Nyelv","Γλώσσα","语言","Taal","Język","Limba","ภาษา","Мова","Jazyk",
"apply","Применить","Apply","Appliquer","適用します","Applicare","Aplicar","تطبيق","ỨNg DụNg","Ansøge","应用","대다","Søke Om","Aplique","Uygulamak","Käytä","Tillämpa","Anwenden","Приложи","Alkalmaz","Ισχύουν","应用","Van Toepassing Zijn","Zastosować","Aplica","ใช้","Застосувати","Aplikovat",
"mouse_sensitivity","Чувствительность мыши","Mouse sensitivity","Sensibilité De La Souris","マウス感度","Sensibilità Del Mouse","Sensibilidad Del Ratón","حساسية الفأرة","Độ NhạY CủA ChuộT","Følsomhed Mus","鼠标灵敏度","마우스 감도","Mus Følsomhet","Sensibilidade Do Mouse","Fare Hassasiyeti","Hiiren Herkkyys","Muskänslighet","Maus-Empfindlichkeit","Чувствителност На Мишката","Egér Érzékenység","Ευαισθησία Ποντικιού","鼠标灵敏度","Muis Gevoeligheid","Czułość Myszy","Sensibilitatea Mouse-Ului","ความไวของเมาส์","Чутливість Миші","Citlivost Myši",
"level","Уровень","Level","Niveau","レベル","Livello","Nivel","مستوى","CấP Độ","Niveau","水平","수평","Nivå","Nível","Seviye","Taso","Nivå","Niveau","Ниво","Szint","Επίπεδο","水平","Niveau","Poziom","Nivel","ชั้น","Рівень","Úroveň",
"experience","Опыт","Experience","Expérience","経験","Esperienza","Experiencia","تجربة","Kinh NghiệM","Erfaring","经验","경험","Erfaring","Experiência","Deneyim","Kokea","Erfarenhet","Erfahrung","Опит","Tapasztalat","Εμπειρία","经验","Ervaring","Doświadczenie","Experienţă","ประสบการณ์","Досвід","Zkušenosti",
"hold_to_give_up","Удерживайте, чтобы сдаться","Hold to surrender","Tenir À Se Rendre","降伏にホールド","Attesa Per La Resa","En Espera Para La Entrega","عقد لاستسلام","Giữ Để ĐầU Hàng","Hold Til Overgivelse","保持投降","항복을 보류","Hold Til Overgivelse","Espera Para A Rendição","Teslim Etmek Tut","Hold Antautua","Håll Till Överlämnandet","Halten Sie Zu Übergabe","Задържане На Предаване","Tart Átadás","Αναμονή Για Την Παράδοση","保持投降","Hold Zich Over Te Geven","Hold Do Kapitulacji","Reținere La Predarea","ค้างไว้เพื่อยอมแพ้","Утримуйте, Щоб Здатися","Hold Pro Odevzdání",
"STRUGGLE_FOR_LIFE","БОРЬБА ЗА ЖИЗНЬ","FIGHT FOR LIFE","Combat Pour La Vie","Life For Fight","Combatti Per La Vita","Lucha Por La Vida","الكفاح من أجل الحياة","ChốNg Cho CuộC SốNg","Kæmp For Life","为生活而奋斗","생명을 위해 싸울","Slåss For Livet","Lute Pela Vida","Yaşam İçi̇n Savaş","Taistele Elämästä","Slåss För Livet","Um Das Überleben Kämpfen","Се Бори За Живота","Harc Az Élet","Αγώνα Για Τη Ζωή","为生活而奋斗","Vechten Voor Leven","Walcz O Życie","Lupta Pentru Viata","สู้เพื่อชีวิต","Боротьба За Життя","Boj For Life",
"continue","Продолжить","Continue","Procéder","進みます","Procedere","Continuar","تقدم","TiếN Hành","Fortsæt","继续","발하다","Fortsette","Continuar","İlerlemek","Edetä","Fortsätt","Vorgehen","Продължи","Folytassa","Προχωρώ","继续","Doorgaan","Kontynuować","Continua","ดำเนินดำเนินการต่อ","Продовжити","Pokračovat",
"reborn","Переродиться","Reborn","René","生まれ変わります","Rinascere","Renacido","تولد من جديد","PhụC Sinh","Genfødt","重生","재 탄생","Gjenfødt","Renascido","Yeniden Doğmak","Uudestisyntynyt","Pånyttfödd","Neugeboren","Прероди","Újjászületett","Αναγεννημένος","重生","Herboren","Odrodzony","Renăscut","เกิดใหม่","Переродитися","Znovuzrozený",
"interface_size","Размер интерфейса","Interface size","Taille De L'Interface","インタフェースのサイズ","Dimensioni Interfaccia","Tamaño Del Interfaz","حجم واجهة","Kích ThướC Giao DiệN","Grænseflade Størrelse","接口尺寸","인터페이스 크기","Grensesnitt Størrelse","Tamanho De Interface","Arayüz Boyutu","Käyttöliittymä Koko","Gränssnitt Storlek","Schnittstelle Größe","Размер Интерфейс","Felület Mérete","Μέγεθος Διεπαφή","接口尺寸","Interface Grootte","Wielkość Interfejs","Dimensiune Interfață","ขนาดอินเตอร์เฟซ","Розмір Інтерфейсу","Velikost Interface",
"new_game","Новая игра","New game","Nouveau Jeu","新しいゲーム","Nuovo Gioco","Nuevo Juego","لعبة جديدة","Trò Chơi MớI","Nyt Spil","新游戏","새로운 게임","Nytt Spill","Novo Jogo","Yeni Oyun","Uusi Peli","Nytt Spel","Neues Spiel","Нова Игра","Új Játék","Νέο Παιχνίδι","新游戏","Nieuw Spel","Nowa Gra","Joc Nou","เกมส์ใหม่","Нова Гра","Nová Hra",
"continue","Продолжить","Proceed","Procéder","進みます","Procedere","Continuar","تقدم","TiếN Hành","Fortsæt","继续","발하다","Fortsette","Continuar","İlerlemek","Edetä","Fortsätt","Vorgehen","Продължи","Folytassa","Προχωρώ","继续","Doorgaan","Kontynuować","Continua","ดำเนินดำเนินการต่อ","Продовжити","Pokračovat",
"AreYouSure","Вы уверены, что хотите начать новую игру? Весь прошлый прогресс будет стерт","Are you sure you want to start a new game? All past progress will be erased","Etes-Vous Sûr De Vouloir Commencer Un Nouveau Jeu? Tous Les Progrès Passés Seront Effacés","あなたは新しいゲームを開始してもよろしいですか？すべての過去の進展が消去されます","Sei Sicuro Di Voler Iniziare Una Nuova Partita? Tutti I Progressi Passato Viene Cancellato","¿Está Seguro De Que Desea Iniciar Un Nuevo Juego? Se Borrarán Todos Los Progresos Del Pasado","هل أنت متأكد أنك تريد أن تبدأ لعبة جديدة؟ سيتم مسح جميع التقدم الماضي","BạN Có ChắC ChắN MuốN BắT ĐầU MộT Trò Chơi MớI? TấT Cả Các TiếN Bộ Trong Quá Khứ Sẽ Bị Xóa","Er Du Sikker På Du Vil Starte Et Nyt Spil? Alle Tidligere Fremskridt Vil Blive Slettet","你确定要开始新游戏？过去所有的进展都将被删除","새 게임을 시작 하시겠습니까? 모든 과거의 진보는 삭제됩니다","Er Du Sikker På At Du Vil Starte Et Nytt Spill? Alle Siste Framgang Vil Bli Slettet","Tem Certeza De Que Deseja Iniciar Um Novo Jogo? Todo O Progresso Passado Será Apagado","Yeni Bir Oyuna Başlamak Istiyorum Emin Misin? Tüm Geçmiş Ilerleme Silinecek","Oletko Varma, Että Haluat Aloittaa Uuden Pelin? Kaikki Aikaisempaa Kehitystä Poistetaan","Är Du Säker På Att Du Vill Starta Ett Nytt Spel? Alla Tidigare Framsteg Kommer Att Raderas","Sind Sie Sicher, Dass Sie Ein Neues Spiel Starten? Alle Bisherigen Fortschritte Werden Gelöscht","Сигурни Ли Сте, Искате Да Започнете Нова Игра? Всичко Минало Напредък, Ще Бъдат Изтрити","Biztosan El Szeretné Indítani Egy Új Játék? Minden Korábbi Haladás Törlődik","Είστε Σίγουροι Ότι Θέλετε Να Ξεκινήσετε Ένα Νέο Παιχνίδι; Όλα Τα Τελευταία Πρόοδος Θα Διαγραφούν","你确定要开始新游戏？过去所有的进展都将被删除","Bent U Zeker Dat U Een Nieuw Spel Beginnen? Alle Geboekte Vooruitgang Worden Gewist","Czy Na Pewno Chcesz Rozpocząć Nową Grę? Wszystko Przeszłości Postępy Zostaną Usunięte","Sunteți Sigur Că Doriți Să Începeți Un Joc Nou? Toate Progresele Înregistrate În Trecut Vor Fi Șterse","คุณแน่ใจหรือไม่ว่าต้องการที่จะเริ่มต้นเกมใหม่หรือไม่? ความคืบหน้าที่ผ่านมาทั้งหมดจะถูกลบ","Ви Впевнені, Що Хочете Почати Нову Гру? Весь Минулий Прогрес Буде Стертий","Jste Si Jisti, Že Chcete Začít Novou Hru? Vše Kolem Pokrok Budou Vymazány",
"yes","Да","Yes","Oui","はい","Sì","Si","نعم","Đúng","Ja","是","예","Ja","Sim","Evet","Joo","Ja","Ja","Да","Igen","Ναί","是","Ja","Tak","Da","ใช่","Да","Ano",
"no","Нет","No","Non","番号","No","No","لا","Không","Ingen","没有","아니","Nei","Não","Hayır","Ei","Nej","Nein","Не","Nem","Όχι","没有","Nee","Nie","Nu","ไม่","Немає","Ne",
"do_you_wont_exit","Вы точно хотите выйти?","Are you sure you want to exit?","Voulez-Vous Vraiment Quitter?","あなたが終了してもよろしいですか？","Sei Sicuro Di Voler Uscire?","¿Seguro Que Quieres Salir?","أنت متأكد أنك تريد إنهاء؟","BạN Có ChắC ChắN BạN MuốN Thoát KhỏI?","Du Sikker På Du Vil Afslutte?","你确定要退出吗？","당신은 당신이 종료 하시겠습니까?","Du Sikker På At Du Vil Avslutte?","Tem Certeza De Que Deseja Sair?","Sen Çıkmak Istediğinizden Emin?","Haluatko Varmasti Lopettaa?","Är Du Säker På Att Du Vill Sluta?","Sie Sicher, Dass Sie Beenden Wollen?","Сигурни Ли Сте, Че Искате Да Излезете?","Biztos, Hogy Ki Akar Lépni?","Είστε Βέβαιοι Ότι Θέλετε Να Κλείσετε;","你确定要退出吗？","Weet Je Zeker Dat Je Wilt Stoppen?","Czy Na Pewno Chcesz Zakończyć?","Sunteți Sigur Că Doriți Să Renunțați?","คุณแน่ใจว่าต้องการที่จะเลิก?","Ви Точно Хочете Вийти?","Opravdu Chcete Skončit?",
"press_any_key","Нажми любую кнопку","Press any button","Appuyer Sur Un Bouton","いずれかのボタンを押します","Premere Un Tasto Qualsiasi","Presione Cualquier Botón","اضغط على أي زر","NhấN BấT Kỳ Phím","Tryk På En Vilkårlig Knap","按任意键","어떤 버튼을 누르십시오","Trykk På En Knapp","Pressione Qualquer Botão","Herhangi Bir Tuşa Basın","Paina Mitä Tahansa Näppäintä","Tryck På Valfri Knapp","Drücke Irgend Einen Knopf","Натиснете Произволен Бутон,","Nyomja Meg Bármelyik Gombot","Πατήστε Οποιοδήποτε Κουμπί","按任意键","Druk Op Een Knop","Naciśnij Dowolny Przycisk","Apăsați Orice Buton","กดปุ่มใด ๆ","Натисни Будь-Яку Кнопку","Stisknutím Libovolného Tlačítka",
"loading","ЗАГРУЗКА","Loading","Chargement","Loading","Caricamento In Corso","Cargando","جار التحميل","Đang TảI","Indlæser","Loading","Loading","Laster","Carregando","Yükleni̇yor","Ladataan","Läser In","Wird Geladen","Зареждане","Betöltés","Φορτωση","Loading","Bezig Met Laden","Ładowanie","Se Încarcă","Loading","Завантаження","Načítání",
"bay","Купить","Buy","Acheter","購入","Acquistare","Comprar","يشترى","Mua","Købe","购买","구입","Kjøpe","Comprar","Satın","Ostaa","Köpa","Kaufen","Купува","Megvesz","Αγορά","购买","Kopen","Kup","Cumpără","ซื้อ","Купити","Koupit",
"work","Дать работу","Give a job","Publier Une Offre","仕事を投稿","Posta Un Lavoro","Anunciar Un Trabajo","انشر وظيفة","Đăng TuyểN","Indsend Et Job","发布工作","작업을 게시","Legg Inn En Jobb","Anunciar Um Trabalho","İşe Başvur","Lähetä Työpaikka","Posta Ett Jobb","Einen Job","Обява За Работа","Álláshirdetés","Δημοσιεύστε Μια Θέση Εργασίας","发布工作","Plaats Een Job","Wystaw Zlecenie","Posteaza Un Loc De Munca","โพสต์งาน","Дати Роботу","Zadat Zakázku",
"find","Найти","Find","Trouver","見つけるには","Trovare","Encontrar","لايجاد","Để Tìm","At Finde","为了找到","찾다","Å Finne","Encontrar","Bulmak","Löytää","Att Hitta","Finden","Да Намеря","Megtalálni","Να Βρω","为了找到","Vinden","Znaleźć","A Găsi","การค้นหา","Знайти","Najít",
"lvl","Уровень","Level","Niveau","レベル","Livello","Nivel","مستوى","CấP Độ","Niveau","水平","수평","Nivå","Nível","Seviye","Taso","Nivå","Niveau","Ниво","Szint","Επίπεδο","水平","Niveau","Poziom","Nivel","ชั้น","Рівень","Úroveň",
"not_done","Не выполнено","Not done","Pas Fini","まだ完成してない","Non Fatto","No Realizado","لم تفعل","Không ĐượC ThựC HiệN","Ikke Færdig","未完成","하지","Ikke Ferdig","Não Realizado","Bitmiş Değil","Ei Valmis","Ej Gjort","Nicht Durchgeführt","Не Е Готов","Nincs Kész","Δεν Ολοκληρώθηκε - Δεν Έγινε","未完成","Niet Klaar","Nie Skończone","Nu A Fost Făcut","ยังไม่เสร็จ","Не Виконано","Neudělané",
"done","Выполнено","Done","Terminé","完了","Fatto","Hecho","منجز","Làm Xong","Færdig","完成","끝난","Ferdig","Feito","Bitti","Tehty","Gjort","Erledigt","Свършен","Kész","Εγινε","完成","Gedaan","Gotowe","Terminat","เสร็จสิ้น","Виконано","Hotovo",
"Are_you_sure_you_want_delete_this_car","Вы точно хотите удалить эту машину безвозратно?","Are you sure you want to permanently delete this car?","Etes-Vous Sûr De Vouloir Supprimer Cette Voiture Bezvozratno?","あなたはこの車のBezvozratnoを削除してもよろしいですか？","Sei Sicuro Di Voler Rimuovere Questa Vettura Bezvozratno?","¿Seguro Que Desea Eliminar Este Coche Bezvozratno?","هل أنت متأكد أنك تريد إزالة هذه السيارة Bezvozratno؟","BạN Có ChắC BạN MuốN LoạI Bỏ ChiếC Xe Này Bezvozratno?","Er Du Sikker På Du Vil Fjerne Denne Bil Bezvozratno?","你确定要删除这辆车Bezvozratno？","당신은 당신이 Bezvozratno이 차를 삭제 하시겠습니까?","Er Du Sikker På At Du Vil Fjerne Denne Bilen Bezvozratno?","Tem Certeza De Que Deseja Remover Este Carro Bezvozratno?","Eğer Bezvozratno Bu Arabayı Kaldırmak Istediğinizden Emin Misiniz?","Oletko Varma, Että Haluat Poistaa Tämän Auton Bezvozratno?","Är Du Säker På Att Du Vill Ta Bort Den Här Bilen Bezvozratno?","Sind Sie Sicher, Dass Sie Bezvozratno Dieses Auto Entfernen?","Сигурни Ли Сте, Че Искате Да Премахнете Тази Кола Bezvozratno?","Biztosan El Akarja Távolítani Ezt Az Autót Bezvozratno?","Είστε Βέβαιοι Ότι Θέλετε Να Καταργήσετε Αυτό Το Αυτοκίνητο Bezvozratno;","你确定要删除这辆车Bezvozratno？","Bent U Zeker Dat U Deze Auto Te Verwijderen Bezvozratno?","Czy Na Pewno Chcesz Usunąć Ten Samochód Bezvozratno?","Sunteți Sigur Că Doriți Să Eliminați Această Mașină Bezvozratno?","คุณแน่ใจหรือว่าต้องการลบรถคันนี้ Bezvozratno?","Ви Точно Хочете Видалити Цю Машину Безвозратно?","Jste Si Jisti, Že Chcete Odstranit Tento Vůz Bezvozratno?",
"are_you_sure_cancel_quest","Вы точно хотите отменить квест? Отношения с нанимателем и поставщиком ухудшатся","Are you sure you want to cancel the quest? The relationship with the employer and supplier will get worse.","Etes-Vous Sûr De Vouloir Annuler La Quête? La Relation Avec L'Employeur Et Le Fournisseur Se Détériorer","あなたはクエストをキャンセルしてもよろしいですか？雇用者と供給者との関係が悪化します","Sei Sicuro Di Voler Annullare La Ricerca? Il Rapporto Con Il Datore Di Lavoro E Il Fornitore Deteriorarsi","¿Está Seguro De Que Desea Cancelar La Búsqueda? La Relación Con El Empleador Y Proveedor Deterioran","هل أنت متأكد أنك تريد إلغاء السعي؟ العلاقة مع صاحب العمل والمورد يتدهور","BạN Có ChắC ChắN MuốN HủY Thành NhiệM Vụ? MốI Quan Hệ VớI Các Nhà TuyểN DụNg Và Nhà Cung CấP XấU Đi","Er Du Sikker På, Du Vil Annullere Søgen? Forholdet Til Arbejdsgiveren Og Leverandør Forværres","你确定要取消的追求？与用人单位和供应商恶化的关系","당신은 퀘스트를 취소 하시겠습니까? 고용주 및 공급 업체 저하와의 관계","Er Du Sikker På At Du Vil Avbryte Jakten? Forholdet Til Arbeidsgiver Og Leverandør Svekkes","Tem Certeza De Que Deseja Cancelar A Busca? A Relação Com O Empregador E Fornecedor Deteriorar","Eğer Arayışı Iptal Etmek Istediğinizden Emin Misiniz? Işveren Ve Tedarikçi Kötüleşmesine Ile Ilişkisi","Oletko Varma, Että Haluat Peruuttaa Quest? Suhde Työnantajan Ja Toimittaja Heikkenevät","Är Du Säker På Att Du Vill Avbryta Sökandet? Relationen Med Arbetsgivaren Och Leverantör Försämras","Sind Sie Sicher, Dass Sie Den Auftrag Stornieren? Die Beziehung Mit Dem Arbeitgeber Und Anbieter Verschlechtern","Сигурни Ли Сте, Искате Да Прекратите Търсенето? Връзката С Работодателя, Така И Доставчикът Се Влоши","Biztosan Törölni Szeretné A Küldetés? A Kapcsolat A Munkáltató És A Szállító Romlik","Είστε Σίγουροι Ότι Θέλετε Να Ακυρώσετε Την Αναζήτηση; Η Σχέση Με Τον Εργοδότη Και Τον Προμηθευτή Επιδεινωθεί","你确定要取消的追求？与用人单位和供应商恶化的关系","Bent U Zeker Dat U De Zoektocht Annuleren? De Relatie Met De Werkgever Leverancier Verslechteren","Czy Na Pewno Chcesz Anulować Zadanie? Relacja Z Pracodawcą I Dostawcą Pogorszeniu","Sunteți Sigur Că Doriți Să Anulați Căutarea? Relația Cu Angajatorul Și Furnizorul Se Deteriorează","คุณแน่ใจหรือไม่ว่าต้องการยกเลิกการแสวงหา? ความสัมพันธ์กับนายจ้างและผู้จัดจำหน่ายเสื่อมสภาพ","Ви Точно Хочете Скасувати Квест? Відносини З Наймачем І Постачальником Погіршаться","Jste Si Jisti, Že Chcete Zrušit Úkol? Vztah Se Zaměstnavatelem A Dodavatelem Zhoršovat",
"accept","Принять","Accept","Accepter","受け入れるために","Accettare","Aceptar","قبول","ChấP NhậN","At Acceptere","接受","동의합니다","Å Akseptere","Aceitar","Kabul Etmek","Hyväksyä","Att Acceptera","Akzeptieren","Да Приеме","Elfogadni","Να Αποδεχθεί","接受","Accepteren","Akceptować","A Accepta","ที่จะยอมรับ","Прийняти","Přijmout",
"create_car","Создать тачку","Create a car","Créer Une Brouette","手押し車を作成します。","Creare Una Carriola","Crear Una Carretilla","إنشاء عربة","TạO MộT Xe Cút Kít","Opret En Trillebør","创建一个独轮车","수레 만들기","Lag En Trillebår","Criar Um Carrinho De Mão","Bir El Arabası Oluştur","Luo Kottikärryt","Skapa En Skottkärra","Erstellen Sie Eine Schubkarre","Създаване На Ръчна Количка","Hozzon Létre Egy Talicska","Δημιουργήστε Ένα Καροτσάκι","创建一个独轮车","Maak Een Kruiwagen","Tworzenie Taczki","Creați O Roabă","สร้างรถสาลี่","Створити Тачку","Vytvoření Trakař",
"ok","ОК","OK","D'Accord","Ok","Ok","Okay","حسنا","ĐồNg Ý","Okay","好","확인","Ok","Está Bem","Tamam","Kunnossa","Ok","Ok","Добре","Rendben","Εντάξει","好","Ok","Ok","O.K","ตกลง","Ок","Ok",
"one_of_the_characters_left_convoy","Один из персонажей покинул конвой (настрой людей понизился)","One of the characters left the convoy (the mood of the people dropped)","L'Un Des Personnages Ont Quitté Le Convoi (L'Humeur Des Gens A Chuté)","文字の一つは、船団を左（人々の気分はドロップ）","Uno Dei Personaggi Lasciato Il Convoglio (Lo Stato D'Animo Delle Persone È Sceso)","Uno De Los Caracteres Restantes Del Convoy (El Humor De La Gente Ha Caído)","ترك واحدة من الشخصيات القافلة (مزاج الناس انخفض)","MộT Trong NhữNg Nhân VậT RờI KhỏI Đoàn Tàu VậN TảI (Tâm TrạNg CủA NgườI Dân GiảM)","Et Af De Tegn Tilbage Konvojen (Stemningen I Mennesker Droppet)","人物之一离开了车队（的人的心情下降）","문자 중 하나는 호송을 왼쪽 (사람들의 기분은 삭제)","En Av De Tegn Igjen Konvoien (Humøret Til Folk Droppet)","Um Dos Personagens Deixou O Comboio (O Humor Das Pessoas Caiu)","Karakterlerden Biri Konvoyu Sol (Insanların Ruh Düştü)","Yksi Merkkiä Jäljellä Saattuetta (Mieliala Ihmisiä Pois)","En Av De Tecken Kvar Konvojen (Stämningen Människor Föll)","Einer Der Charaktere Den Konvoi Verlassen (Die Stimmung Der Menschen Fallen Gelassen)","Един От Героите Напусна Конвоя (Настроението На Хората Спадна)","Az Egyik Karakter Maradt A Konvoj (A Hangulat Az Emberek Csökkent)","Ένας Από Τους Χαρακτήρες Που Άφησε Το Κονβόι (Η Διάθεση Των Ανθρώπων Που Έπεσαν)","人物之一离开了车队（的人的心情下降）","Een Van De Tekens Over Het Konvooi (De Stemming Van Mensen Laten Vallen)","Jeden Z Bohaterów Opuścił Konwój (Nastrój Ludzi Spadła)","Unul Dintre Personajele Din Stânga Convoiul (Starea De Spirit A Oamenilor A Scăzut)","หนึ่งในตัวละครที่เหลือขบวน (อารมณ์ของผู้คนลดลง)","Один З Персонажів Покинув Конвой (Настрій Людей Знизився)","Jedním Ze Znaků Konvoje (Nálada Lidí Klesl)",
"create_character","Создать Чела","Create a character","Créer Chela","チェラを作成","Creare Chela","Crear Chela","إنشاء شيلا","TạO Chela","Opret Chela","创建切拉","첼라 만들기","Lag Chela","Criar Chela","Chela Oluştur","Luo Chela","Skapa Chela","Erstellen Chela","Създаване Чела","Készítsen Chela","Δημιουργία Τσέλα","创建切拉","Maak Chela","Tworzenie Chela","Creați Chela","สร้างสาวก","Створити Чела","Vytvořit Chela",
"are_you_sure_delete_character","Вы точно хотите удалить этого персонажа безвозратно?","Are you sure you want to permanently delete this character?","Etes-Vous Sûr De Vouloir Supprimer Ce Caractère Bezvozratno?","あなたはこの文字Bezvozratnoを削除してもよろしいですか？","Sei Sicuro Di Voler Eliminare Questo Bezvozratno Personaggio?","¿Seguro Que Desea Eliminar Este Bezvozratno Personaje?","هل أنت متأكد أنك تريد حذف هذا Bezvozratno الشخصية؟","BạN ChắC ChắN MuốN Xóa Nhân VậT Bezvozratno Này?","Er Du Sikker På At Du Vil Slette Denne Karakter Bezvozratno?","你确定要删除这个角色Bezvozratno？","당신은 당신이이 문자 Bezvozratno을 삭제 하시겠습니까?","Er Du Sikker På At Du Vil Slette Dette Tegnet Bezvozratno?","Tem Certeza De Que Deseja Excluir Este Bezvozratno Personagem?","Eğer Bu Karakter Bezvozratno Silmek Istediğinizden Emin Misiniz?","Oletko Varma, Että Haluat Poistaa Tämän Merkin Bezvozratno?","Är Du Säker På Att Du Vill Ta Bort Denna Karaktär Bezvozratno?","Sind Sie Sicher, Dass Sie Diesen Charakter Bezvozratno Löschen?","Сигурни Ли Сте, Че Искате Да Изтриете Този Герой Bezvozratno?","Biztosan Törölni Szeretné Ezt A Karaktert Bezvozratno?","Είστε Σίγουροι Ότι Θέλετε Να Διαγράψετε Αυτό Το Bezvozratno Χαρακτήρα;","你确定要删除这个角色Bezvozratno？","Weet U Zeker Dat U Wilt Dit Karakter Bezvozratno Verwijderen?","Czy Na Pewno Chcesz Usunąć Tę Postać Bezvozratno?","Sunteți Sigur Că Doriți Să Ștergeți Acest Bezvozratno Personaj?","คุณแน่ใจหรือว่าต้องการลบ Bezvozratno ตัวละครตัวนี้?","Ви Точно Хочете Видалити Цього Персонажа Безвозратно?","Jste Si Jisti, Že Chcete Odstranit Tento Znak Bezvozratno?",
"deny","Отказаться","Refuse","Refuser","ごみ","Rifiuto","Negar","رفض","Rác","Nægte","垃圾","폐물","Nekte","Recusar","Çöp","Kieltäytyä","Vägra","Sich Weigern","Отказвам","Megtagadja","Αρνηθεί","垃圾","Weigeren","Odrzucać","Refuza","ปฏิเสธ","Відмовитися","Odmítnout",
"delivery","Доставка","Delivery","Livraison","配達","Consegna","Entrega","توصيل","ChuyểN","Levering","交货","배달","Leveranse","Entrega","Teslim","Toimitus","Leverans","Lieferung","Доставка","Kézbesítés","Διανομή","交货","Levering","Dostawa","Livrare","การจัดส่งสินค้า","Доставка","Dodávka",
"characters","Персонажи","Characters","Personnages","文字","Personaggi","Caracteres","الشخصيات","Nhân VậT","Tegn","人物","등장 인물","Tegn","Personagens","Karakterler","Merkkiä","Tecken","Figuren","Знаци","Karakterek","Χαρακτήρες","人物","Tekens","Postacie","Caractere","ตัวละคร","Персонажі","Postavy",
"quests","Квесты","Quests","Quêtes","クエスト","Missioni","Misiones","المهام","NhiệM Vụ","Quests","任务","퀘스트","Oppdrag","Quests","Görevler","Tehtävät","Uppdrag","Quests","Гости","Küldetések","Αποστολές","任务","Quests","Questy","Misiuni","เควส","Квести","Úkoly",
"loot","Добыча",


"Strange","Сила","Strength","Puissance","力","Energia","Poder","قوة","QuyềN LựC","Strøm","功率","힘","Makt","Poder","Güç","Teho","Kraft","Leistung","Мощност","Erő","Εξουσία","功率","Macht","Moc","Putere","อำนาจ","Сила","Napájení",
"Agility","Ловкость","Agility","Dextérité","熟練","Destrezza","Destreza","براعة","Khéo Tay","Fingerfærdighed","灵巧","재치","Behendighet","Destreza","Beceri","Kätevyys","Fingerfärdighet","Geschicklichkeit","Сръчност","Ügyesség","Επιδεξιότητα","灵巧","Behendigheid","Zręczność","Dexteritate","ความชำนาญ","Спритність","Šikovnost",
"Intelect","Интелект","Intelligence","Intelligence","インテリジェンス","Intelligenza","Inteligencia","الذكاء","Sự Thông Minh","Intelligens","情报","지성","Intelligens","Inteligência","Zeka","Älykkyys","Intelligens","Intelligenz","Интелигентност","Intelligencia","Νοημοσύνη","情报","Intelligentie","Inteligencja","Inteligență","สติปัญญา","Інтелект","Inteligence",
"Charisma","Харизма","Charisma","Charisme","カリスマ","Carisma","Carisma","جاذبية","Uy Tín","Charisma","魅力","카리스마","Karisma","Carisma","Karizma","Karisma","Karisma","Charisma","Непреодолим Чар","Karizma","Χάρισμα","魅力","Charisma","Charyzma","Charisma","ความสามารถพิเศษ","Харизма","Charisma",


"0_Location_The_Grand_Harbor","Гранд-Харбор","The Grand Harbor","Grand Port","グランドハーバー","Grand Harbour","Gran Puerto","الميناء الكبير","Grand Harbour","Grand Harbour","大港","그랜드 하버","Grand Harbour","Grand Harbour","Grand Harbour","Grand Harbour","Grand Harbour","Grand Harbour","Гранд Харбър","Grand Harbour","Μεγάλο Λιμάνι","大港","Grand Harbour","Grand Harbour","Grand Harbor","แกรนด์ฮาร์เบอร์","Гранд-Харбор","Grand Harbour",
"1_Location_Longstand","Длинная стойка","Longstand","Longue Réception","長いレセプション","Lungo Reception","Larga Recepción","استقبال طويل","TiếP NhậN Từ Lâu","Lang Reception","长长的接待","긴 리셉션","Lang Mottak","Longo Recepção","Uzun Alımı","Pitkä Vastaanotto","Lång Mottagning","Lange Rezeption","Дългосрочен Прием","Hosszú Vétel","Μεγάλη Υποδοχή","长长的接待","Lange Receptie","Długo Odbiór","Recepție Lung","แผนกต้อนรับส่วนหน้ายาว","Довга Стійка","Dlouhá Recepce",
"2_Location_Whitehand","Белая рука","Whitehand","Main Blanche","白い手","Mano Bianca","Mano Blanca","اليد البيضاء","Bàn Tay TrắNg","Hvid Hånd","白色的手","하얀 손","Hvit Hånd","Mão Branca","Beyaz El","Valkoinen Käsi","Vit Hand","Weiße Hand","Бяла Ръка","Fehér Kéz","Λευκό Χέρι","白色的手","Witte Hand","Biała Ręka","Mana Alba","มือสีขาว","Біла Рука","White Hand",
"3_Location_Jadewing","Нефритовое крыло","Jadewing","Aile Jade","ジェイドウィング","Ala Jade","Ala Jade","الجناح اليشم","Jade Cánh","Jade Fløj","玉翼","옥 날개","Jade Vinge","Asa Jade","Yeşim Kanat","Jade Siipi","Jade Vinge","Jade Flügel","Jade Крило","Jade Szárny","Jade Πτέρυγα","玉翼","Jade Vleugel","Jade Skrzydło","Jade Aripa","ปีกหยก","Нефритове Крило","Jade Křídlo",
"4_Location_Wolfland","Wolfland","Wolfland","Wolfland","Wolfland","Wolfland","Wolfland","Wolfland","Wolfland","Wolfland","Wolfland","Wolfland","Wolfland","Wolfland","Wolfland","Wolfland","Wolfland","Wolfland","Wolfland","Wolfland","Wolfland","Wolfland","Wolfland","Wolfland","Wolfland","Wolfland","Wolfland","Wolfland",
"5_Location_Frostblade_Sanctuary","Святилище Ледяных Клинков","Frostblade Sanctuary","Sanctuary Givrelame","サンクチュアリFrostblade","Santuario Frostblade","Santuario Frostblade","ملاذ Frostblade","Sanctuary Frostblade","Sanctuary Frostblade","保护区Frostblade","성역 Frostblade","Sanctuary Frostblade","Santuário Frostblade","Sanctuary Frostblade","Sanctuary Frostblade","Sanctuary Frostblade","Sanctuary Frostklingen","Sanctuary Frostblade","Sanctuary Frostblade","Ιερό Frostblade","保护区Frostblade","Sanctuary Frostblade","Sanktuarium Frostblade","Sanctuary Frostblade","Sanctuary Frostblade","Святилище Льодяних Клінков","Sanctuary Frostblade",
"6_Location_The_Tempest_Lair","Буря Логово","The Tempest Lair","Lair Tempête","嵐の隠れ家","Lair Della Tempesta","Guarida De Tormenta","عرين العاصفة","Lair Bão CủA","Storm Lair","风暴的巢穴","폭풍의 소굴","Storm Lair","Lair Da Tempestade","Fırtına Lair","Myrsky Lair","Storm Lya","Sturm Lair","Lair Буря","Vihar Lair","Lair Καταιγίδας","风暴的巢穴","Storm'S Lair","Lair Burzy","Lair Furtuna Lui","พายุ Lair","Буря Лігво","Bouře Lair",
"7_Location_Renegade_Hideaway","Убежище отступника","Renegade Hideaway","Refuge Apostat","避難背教","Rifugio Apostata","Apóstata Refugio","ملجأ المرتد","ẨN Náu BộI ĐạO","Tilflugt Frafalden","变节者避难","피난 교자","Tilflukt Frafallen","Refúgio Apóstata","Refüj Mürted","Suojapaikkaan Luopio","Tillflykt Avfälling","Zuflucht Abgefallenen","Убежище Отстъпник","Menedéket Hitehagyott","Καταφύγιο Αποστάτης","变节者避难","Toevlucht Afvallige","Ostoja Apostata","Refugiu Apostat","ที่หลบภัยศาสนา","Притулок Відступника","Útočiště Odpadlík",


"deliver_supplies","Доставить припасы","Deliver supplies","Livrer Des Fournitures","物資をお届け","Consegnare Rifornimenti","Entregar Suministros","إيصال الإمدادات","Cung CấP NguồN Cung CấP","Levere Forsyninger","运送物资","공급을 제공","Levere Forsyninger","Entregar Suprimentos","Malzemeleri Teslim","Toimitussitoumusten","Leverera Förnödenheter","Liefern Lieferungen","Доставя Консумативи","Szállítson","Παραδώσει Προμήθειες","运送物资","Leveren Supplies","Dostarczanie Materiałów Eksploatacyjnych","Livra Provizii","ส่งเสบียง","Доставити Припаси","Dodávat Zásoby",
"get_reward","Получить вознаграждение",,"Gagner Des Récompenses","報酬を獲得","Guadagnare Premi","Gana Recompensas","كسب المكافآت","Giành ĐượC PhầN ThưởNg","Optjen Belønninger","获得奖励","보상을 창출","Tjen Belønninger","Ganhar Recompensas","Ödül Kazanın","Ansaita Palkintoja","Tjäna Belöningar","Verdienen Sie Belohnungen","Спечелете Награди","Keress Jutalmak","Κερδίστε Ανταμοιβές","获得奖励","Verdien Beloningen","Zdobywać Nagrody","A Castiga Premii","ได้รับผลตอบแทน","Отримати Винагороду","Získejte Odměny",
"get_quest","Получить квест","Get a reward","Obtenez Quête","クエストを取得","Ottenere Quest","Obtener Búsqueda","الحصول على السعي","NhậN NhiệM Vụ","Få Søgen","拿任务","퀘스트를 받기","Få Søken","Obter Busca","Arayışı Alın","Get Quest","Få Quest","Erhalten Sie Quest","Вземи Търсене","Get Quest","Πάρτε Αναζήτηση","拿任务","Krijg Quest","Dostać Questa","Ia-Quest","รับเควสต์","Отримати Квест","Získat Pátrání",
"magazine","Магазин","Shop","But","スコア","Punto","Puntuación","أحرز هدفا","Ghi Bàn","Score","得分了","점수","Score","Ponto","Puan","Pisteet","Göra","Ergebnis","Резултат","Pontszám","Σκορ","得分了","Partituur","Wynik","Scor","คะแนน","Магазин","Skóre",
"exit_city","Выйти из города","Leave the town","Quittez La Ville","街を残します","Lasciare La Città","Salir De La Ciudad","مغادرة المدينة","RờI KhỏI Thành Phố","Lad Byen","离开城市","도시를 떠나","Legg Byen","Deixe A Cidade","Şehri Terk","Poistua Kaupungista","Lämna Staden","Verlassen Sie Die Stadt","Оставете Града","Hagyja A Város","Αφήστε Την Πόλη","离开城市","Verlaat De Stad","Opuścić Miasto","Lăsați Orașul","ออกจากเมือง","Вийти З Міста","Opustit Město",


"delivery_suppliesQUEST","Доставьте припасы в пунк назначения затем вернитесь обратно за наградой","Deliver supplies to your destination then get back for your reward","Livrer Des Fournitures À La Destination Punk Puis Revenir En Arrière Pour Une Récompense","パンクはその後、報酬のために戻って目的地に物資を届けます","Consegnare Rifornimenti Alla Destinazione Punk Poi Tornare Per Una Ricompensa","Entregar Suministros Al Destino Del Punk Y Luego Volver Para Una Recompensa","إيصال الإمدادات إلى الوجهة الشرير ثم أعود لمكافأة","Cung CấP NguồN Cung CấP ĐếN Đích Punk Sau Đó Quay Trở LạI Cho MộT PhầN ThưởNg","Levere Leverancerne Til Destinationen Punk Derefter Gå Tilbage Til En Belønning","运送物资到目的地朋克再回去了奖励","펑크 후 보상을 돌아가 대상으로 공급을 제공","Lever Forsyninger Til Målet Punk Så Gå Tilbake For En Belønning","Entregar Suprimentos Para O Destino Punk Depois Voltar Para Uma Recompensa","Punk Sonra Bir Ödül Için Geri Dönmek Hedefe Malzemeleri Sunun","Toimita Toimitukset Määränpäähän Punk Palaa Palkkiota","Leverera Leveranser Till Destinationen Punk Sedan Gå Tillbaka För En Belöning","Liefern Sie Liefert An Das Ziel Für Eine Belohnung Dann Punk Zurück","Доставяйте Доставки До Местоназначението След Това Пънк Се Върна За Награда","Szállítja A Rendeltetési Punk, Majd Menj Vissza A Jutalmat","Παραδώστε Τις Προμήθειες Για Τον Προορισμό Punk Τότε Πάμε Πίσω Για Μια Ανταμοιβή","运送物资到目的地朋克再回去了奖励","Lever Leveringen Naar De Bestemming Punk Ga Dan Terug Voor Een Beloning","Dostarcz Dostaw Do Miejsca Przeznaczenia Następnie Punk Wrócić Po Nagrodę","Oferiți Provizii La Destinație Punk Apoi Du-Te Înapoi Pentru O Recompensă","ส่งเสบียงไปยังปลายทางพังก์จากนั้นกลับไปรับรางวัล","Зробіть Припаси В Пунк Призначення Потім Поверніться Назад За Нагородою","Dodávky Do Místa Určení Punk Pak Se Vrátit Na Odměnu",

"delivery","Доставка","Delivery","Livraison","配達","Consegna","Entrega","توصيل","ChuyểN","Levering","交货","배달","Leveranse","Entrega","Teslim","Toimitus","Leverans","Lieferung","Доставка","Kézbesítés","Διανομή","交货","Levering","Dostawa","Livrare","การจัดส่งสินค้า","Доставка","Dodávka",

"Mini Capi","Гольф кар","Golf car","Voiture Golf","ゴルフカー","Golf Car","Coche De Golf","سيارة جولف","Golf Xe","Golf Bil","高尔夫车","골프 차","Golf Bil","Carro De Golfe","Golf Arabası","Golf-Auto","Golfbil","Golf Auto","Голф Кола","Golf Autó","Γκολφ Αυτοκίνητο","高尔夫车","Golf Auto","Golf Samochód","Masina De Golf","รถกอล์ฟ","Гольф Кар","Golfový Vozík",
"BoBy","Секиджер",
"HI Colyne","Минивен",
"Leonardo","Райзен",
"Jiner","Роял Ноир",
"Pikaper","Пикап",
"News","Новостной Фургон",
"Ice Cream","Фургон Мороженщика",
"Army","Военная Фура",
"Ambulance","Скорая Помощь",
"Sweet Home","Дом на колесах",
"Prison Bus","Тюремный Фургон",
"Old Optimus","Бензиновоз",